WeatherPy_Database.csv,City,Country,Lat,Lng,Max Temp,Humidity,Cloudiness,Wind Speed,Current Description
0,Phuket,TH,8.0,98.25,85.12,100,20,9.22,few clouds
1,Rikitea,PF,-23.1203,-134.9692,71.82,72,93,18.7,overcast clouds
2,Faya,SA,18.3851,42.4509,63.12,72,100,5.84,overcast clouds
3,Saint-Francois,FR,46.4154,3.9054,65.68,77,0,1.14,clear sky
4,Lagoa,PT,39.05,-27.9833,73.98,90,15,4.9,light rain
5,Mahebourg,MU,-20.4081,57.7,68.29,73,40,5.75,scattered clouds
6,East London,ZA,-33.0153,27.9116,69.96,54,97,8.21,overcast clouds
7,Kaitangata,NZ,-46.2817,169.8464,55.02,60,59,5.1,broken clouds
8,Mana,GF,5.6592,-53.7767,77.47,89,69,8.48,broken clouds
9,Pangai,TO,-19.8,-174.35,80.71,74,20,17.27,few clouds
10,New Norfolk,AU,-42.7826,147.0587,61.92,51,3,9.17,clear sky
11,Kavieng,PG,-2.5744,150.7967,84.22,72,100,16.37,light rain
12,Tahta,EG,26.7693,31.5021,83.7,31,4,7.18,clear sky
13,Tilichiki,RU,60.4667,166.1,61.03,62,85,12.75,overcast clouds
14,Cherskiy,RU,68.75,161.3,45.93,76,100,13.47,overcast clouds
15,Constitucion,CL,-35.3333,-72.4167,46.63,88,1,6.22,clear sky
16,Champerico,GT,14.3,-91.9167,81.5,76,100,2.93,overcast clouds
17,Satuk,TR,41.2263,32.3836,62.01,95,27,2.15,scattered clouds
18,Ushuaia,AR,-54.8,-68.3,37.06,87,40,3.44,scattered clouds
19,Port Hueneme,US,34.1478,-119.1951,87.24,76,29,8.01,scattered clouds
20,Kajaani,FI,64.2273,27.7285,62.65,72,40,9.22,scattered clouds
21,Nikolskoye,RU,59.7035,30.7861,62.8,95,12,4.97,few clouds
22,Hobart,AU,-42.8794,147.3294,62.26,62,20,8.05,few clouds
23,Avarua,CK,-21.2078,-159.775,77.05,61,40,10.36,scattered clouds
24,Alta Floresta,BR,-9.8756,-56.0861,74.84,42,22,2.3,few clouds
25,Bathsheba,BB,13.2167,-59.5167,83.01,89,40,19.57,scattered clouds
26,Busselton,AU,-33.65,115.3333,54.3,69,99,14.81,overcast clouds
27,Lages,BR,-27.8161,-50.3261,58.68,92,83,4.99,broken clouds
28,Kawalu,ID,-7.3817,108.2082,77.38,81,94,3.56,overcast clouds
29,Mataura,NZ,-46.1927,168.8643,57.47,61,29,7.74,scattered clouds
30,Ukiah,US,39.1502,-123.2078,94.37,40,49,3.0,scattered clouds
31,Esperance,AU,-33.8667,121.9,53.44,70,95,31.85,overcast clouds
32,Upington,ZA,-28.4478,21.2561,48.58,93,0,0.0,clear sky
33,Varamin,IR,35.3242,51.6457,83.26,21,6,11.05,clear sky
34,Albany,US,42.6001,-73.9662,75.58,69,0,2.48,clear sky
35,Jamestown,US,42.097,-79.2353,77.05,48,100,3.96,overcast clouds
36,Uhlove,UA,44.8215,33.6045,68.02,80,0,4.88,clear sky
37,Pevek,RU,69.7008,170.3133,34.99,97,100,11.9,overcast clouds
38,Vaini,TO,-21.2,-175.2,80.76,89,40,10.36,scattered clouds
39,Kudus,ID,-6.8048,110.8405,83.88,63,14,8.55,few clouds
40,Upernavik,GL,72.7868,-56.1549,41.29,80,7,9.84,clear sky
41,Dangtu,CN,31.5723,118.4928,91.45,56,0,6.24,clear sky
42,Ancud,CL,-41.8697,-73.8203,42.22,73,100,7.14,overcast clouds
43,Padang,ID,-0.9492,100.3543,77.05,88,100,7.38,overcast clouds
44,Pacific Grove,US,36.6177,-121.9166,76.24,85,52,7.0,broken clouds
45,Castro,BR,-24.7911,-50.0119,58.73,69,0,3.85,clear sky
46,Sabha,LY,27.0377,14.4283,84.49,30,4,10.25,clear sky
47,Lebu,CL,-37.6167,-73.65,47.7,89,86,9.89,overcast clouds
48,Saint George,US,37.1041,-113.5841,92.35,32,52,2.08,broken clouds
49,Gilbues,BR,-9.8317,-45.3439,75.18,43,48,4.47,scattered clouds
50,Isiro,CD,2.7739,27.616,65.77,94,33,0.94,scattered clouds
51,Saint-Joseph,RE,-21.3667,55.6167,62.98,81,25,9.22,light rain
52,Semnan,IR,35.5729,53.3971,84.04,21,0,4.61,clear sky
53,Butaritari,KI,3.0707,172.7902,81.77,75,23,15.79,few clouds
54,Cidreira,BR,-30.1811,-50.2056,62.06,95,100,6.11,overcast clouds
55,Clyde River,CA,70.4692,-68.5914,39.43,100,100,13.8,mist
56,Saint-Philippe,RE,-21.3585,55.7679,63.99,83,52,9.28,light rain
57,Port Elizabeth,ZA,-33.918,25.5701,57.49,94,0,14.97,clear sky
58,Khatanga,RU,71.9667,102.5,59.25,53,36,12.66,scattered clouds
59,Sao Joao Da Barra,BR,-21.6403,-41.0511,68.2,85,0,0.74,clear sky
60,Bluff,NZ,-46.6,168.3333,57.79,68,14,17.4,few clouds
61,Baculin,PH,7.4525,126.5842,85.01,67,100,2.89,overcast clouds
62,Kodiak,US,57.79,-152.4072,59.9,69,61,3.8,broken clouds
63,Tiksi,RU,71.6872,128.8694,43.23,82,100,5.3,overcast clouds
64,Faanui,PF,-16.4833,-151.75,78.48,75,17,22.73,light rain
65,Nanortalik,GL,60.1432,-45.2371,48.27,96,100,22.17,moderate rain
66,Punta Arenas,CL,-53.15,-70.9167,37.51,93,75,18.41,light intensity drizzle
67,Port Augusta,AU,-32.5,137.7667,66.06,33,1,26.98,clear sky
68,Codrington,AU,-38.2667,141.9667,57.65,63,0,18.63,clear sky
69,Halifax,CA,44.6453,-63.5724,69.69,95,75,10.36,broken clouds
70,Hudiksvall,SE,61.729,17.1036,61.52,83,18,10.31,few clouds
71,Airai,TL,-8.9266,125.4092,73.36,39,66,2.93,broken clouds
72,Port Alfred,ZA,-33.5906,26.891,58.17,91,37,5.99,scattered clouds
73,Asosa,ET,10.0667,34.5333,57.18,94,100,3.58,overcast clouds
74,Cabedelo,BR,-6.9811,-34.8339,74.07,84,43,7.56,scattered clouds
75,Kiama,AU,-34.6833,150.8667,68.0,75,100,3.0,moderate rain
76,Sheksna,RU,59.21,38.5107,57.29,88,10,3.22,clear sky
77,Dikson,RU,73.5069,80.5464,44.96,96,100,9.01,overcast clouds
78,Biltine,TD,14.5333,20.9167,78.06,65,99,9.1,overcast clouds
79,Isangel,VU,-19.55,169.2667,80.71,83,75,6.91,broken clouds
80,Talnakh,RU,69.4865,88.3972,61.21,47,98,4.38,overcast clouds
81,Keningau,MY,5.3378,116.1602,82.58,73,88,1.23,overcast clouds
82,Pisco,PE,-13.7,-76.2167,60.85,82,100,3.44,overcast clouds
83,Eureka,US,40.8021,-124.1637,70.36,75,23,8.99,few clouds
84,Hermanus,ZA,-34.4187,19.2345,45.81,84,77,9.37,broken clouds
85,Ponta Do Sol,PT,32.6667,-17.1,72.01,76,6,6.67,clear sky
86,Thompson,CA,55.7435,-97.8558,60.96,51,75,6.91,broken clouds
87,Yellowknife,CA,62.456,-114.3525,64.92,39,20,8.05,few clouds
88,Qaanaaq,GL,77.484,-69.3632,42.49,65,6,4.76,clear sky
89,Cabildo,AR,-38.4842,-61.8954,42.1,81,0,3.8,clear sky
90,Port Blair,IN,11.6667,92.75,81.57,82,100,24.61,overcast clouds
91,Norman Wells,CA,65.282,-126.8329,64.44,59,75,9.22,broken clouds
92,San Jose,US,37.3394,-121.895,89.22,48,0,11.5,clear sky
93,Puerto Ayora,EC,-0.7393,-90.3518,70.56,82,100,10.0,overcast clouds
94,Sitka,US,57.0531,-135.33,59.56,84,100,3.27,overcast clouds
95,Hami,CN,42.8,93.45,90.68,17,0,5.26,clear sky
96,Jinka,ET,5.65,36.65,63.05,76,80,3.69,broken clouds
97,Kungurtug,RU,50.5994,97.5228,67.39,49,54,0.89,broken clouds
98,Georgetown,MY,5.4112,100.3354,82.89,89,40,9.22,scattered clouds
99,Valparaiso,CL,-33.0393,-71.6273,49.64,76,75,3.44,broken clouds
100,Chokurdakh,RU,70.6333,147.9167,48.54,62,100,14.92,overcast clouds
101,Svetlogorsk,BY,52.6333,29.7333,60.62,97,19,6.2,few clouds
102,Wattegama,LK,6.7989,81.4808,76.59,72,100,14.43,overcast clouds
103,Xiuyan,CN,40.2928,123.2744,84.09,82,94,5.84,overcast clouds
104,Vysokogornyy,RU,50.1167,139.15,64.96,91,100,1.9,overcast clouds
105,Demyansk,RU,57.643,32.466,57.22,94,5,3.69,clear sky
106,Naze,JP,28.3667,129.4833,86.92,76,87,5.84,overcast clouds
107,Dingle,PH,10.9995,122.6711,82.24,80,100,3.15,overcast clouds
108,Gat,IL,31.61,34.7642,81.39,100,7,1.39,clear sky
109,Hithadhoo,MV,-0.6,73.0833,81.81,68,100,14.2,overcast clouds
110,Boca Do Acre,BR,-8.7522,-67.3978,78.19,63,100,0.85,overcast clouds
111,Dicamay,PH,16.7561,122.0037,82.8,75,100,0.94,overcast clouds
112,Komsomolskiy,UZ,40.4272,71.7189,78.21,37,15,3.13,few clouds
113,Papara,BR,-3.9839,-38.7273,77.68,95,20,2.91,few clouds
114,Lompoc,US,34.6391,-120.4579,82.54,86,100,4.0,overcast clouds
115,Ternate,ID,0.8,127.4,83.17,73,14,7.78,few clouds
116,Cordele,US,31.9635,-83.7824,82.92,74,0,0.0,clear sky
117,Bredasdorp,ZA,-34.5322,20.0403,46.08,92,54,6.78,broken clouds
118,Farafangana,MG,-22.8167,47.8333,67.12,83,100,5.17,light rain
119,Tuktoyaktuk,CA,69.4541,-133.0374,53.6,82,40,10.36,scattered clouds
120,Rocky Mountain House,CA,52.3668,-114.9188,63.88,85,91,5.79,overcast clouds
121,San Fernando,PH,15.0286,120.6898,85.73,69,100,3.4,overcast clouds
122,Kimbe,PG,-5.5502,150.1429,91.56,52,98,5.75,overcast clouds
123,Nizwa,OM,22.9333,57.5333,87.19,58,14,0.81,few clouds
124,Jiwani,PK,25.05,61.7417,80.87,82,86,3.96,overcast clouds
125,Aranos,NA,-24.1333,19.1167,48.7,79,0,2.84,clear sky
126,Kapaa,US,22.0752,-159.319,82.18,64,7,5.01,clear sky
127,Yemelyanovo,RU,56.1681,92.6767,56.21,88,40,4.47,scattered clouds
128,Kruisfontein,ZA,-34.0033,24.7314,56.05,90,93,7.29,overcast clouds
129,Cayenne,GF,4.9333,-52.3333,83.08,1,100,1.99,overcast clouds
130,Hurghada,EG,27.2574,33.8129,89.64,29,0,9.22,clear sky
131,Dakoro,NE,14.5106,6.765,75.49,81,54,13.78,light rain
132,Genhe,CN,50.7833,121.5167,84.29,44,57,6.4,broken clouds
133,Alofi,NU,-19.0595,-169.9187,80.49,61,75,20.71,broken clouds
134,Tagusao,PH,9.1924,117.8141,84.74,67,99,0.74,overcast clouds
135,Saint-Pierre,RE,-21.3393,55.4781,64.9,79,0,5.75,clear sky
136,Vardo,NO,70.3705,31.1107,55.38,94,75,9.22,broken clouds
137,Tuatapere,NZ,-46.1333,167.6833,51.13,77,30,9.75,scattered clouds
138,Acapulco,MX,16.8634,-99.8901,80.91,78,58,2.48,broken clouds
139,Hilo,US,19.7297,-155.09,80.26,85,36,1.01,scattered clouds
140,Ribeira Grande,PT,38.5167,-28.7,75.36,89,26,4.72,light rain
141,Kilindoni,TZ,-7.9139,39.6668,74.53,76,9,11.27,clear sky
142,Carnarvon,AU,-24.8667,113.6333,66.13,54,92,14.23,overcast clouds
143,Chegdomyn,RU,51.1167,133.0167,77.61,60,52,2.57,broken clouds
144,Asau,RO,46.4333,26.4,62.96,92,13,4.65,few clouds
145,Nalut,LY,30.3333,10.85,82.8,36,1,14.74,clear sky
146,Brae,GB,60.3964,-1.353,51.51,73,100,10.42,overcast clouds
147,Taltal,CL,-25.4,-70.4833,57.67,66,1,5.7,clear sky
148,Hovd,MN,48.0056,91.6419,69.66,39,100,2.75,overcast clouds
149,Raudeberg,NO,61.9875,5.1352,52.47,64,100,6.44,light rain
150,Hobyo,SO,5.3505,48.5268,75.54,83,99,24.23,overcast clouds
151,Tateyama,JP,34.9833,139.8667,79.11,79,99,8.43,overcast clouds
152,Togur,RU,58.3631,82.8265,59.34,65,62,5.17,broken clouds
153,Cabinda,AO,-5.55,12.2,67.5,89,43,6.2,scattered clouds
154,Atuona,PF,-9.8,-139.0333,77.09,82,30,16.67,light rain
155,Tiruchchendur,IN,8.4833,78.1167,79.09,84,100,28.63,light rain
156,Lorengau,PG,-2.0226,147.2712,83.16,77,100,12.3,overcast clouds
157,Lastoursville,GA,-0.8143,12.7287,76.51,69,96,2.77,overcast clouds
158,Mandalgovi,MN,45.7625,106.2708,68.18,56,0,16.67,clear sky
159,Musoma,TZ,-1.5,33.8,69.24,72,100,7.56,overcast clouds
160,Lalitpur,NP,27.6667,85.3333,71.98,94,75,2.3,broken clouds
161,Behbahan,IR,30.5959,50.2417,96.91,34,0,2.39,clear sky
162,Bambous Virieux,MU,-20.3428,57.7575,68.25,73,40,5.75,scattered clouds
163,Half Moon Bay,US,37.4636,-122.4286,85.05,82,100,19.57,mist
164,Puri,IN,19.8,85.85,82.92,77,100,5.14,overcast clouds
165,Kayerkan,RU,69.3497,87.7602,60.53,47,94,1.74,overcast clouds
166,Slave Lake,CA,55.2834,-114.769,67.98,68,75,9.22,broken clouds
167,Yar-Sale,RU,66.8333,70.8333,64.81,55,3,10.27,clear sky
168,Saldanha,ZA,-33.0117,17.9442,55.67,67,95,8.25,overcast clouds
169,Hokitika,NZ,-42.7167,170.9667,54.75,76,56,8.25,broken clouds
170,Titay,PH,7.8125,122.5344,83.01,73,42,3.65,scattered clouds
171,Tigil,RU,57.8,158.6667,59.23,79,100,13.33,light rain
172,Provideniya,RU,64.3833,-173.3,44.71,100,0,11.18,clear sky
173,Hoi An,VN,15.8794,108.335,89.56,60,73,6.24,broken clouds
174,Juneau,US,58.3019,-134.4197,61.84,95,99,1.1,overcast clouds
175,Klaksvik,FO,62.2266,-6.589,47.32,83,94,13.2,light rain
176,Inirida,CO,3.8653,-67.9239,72.93,97,99,2.82,moderate rain
177,Anadyr,RU,64.75,177.4833,63.1,55,3,13.42,fog
178,Morondava,MG,-20.2833,44.2833,69.39,85,59,6.67,broken clouds
179,Havoysund,NO,70.9963,24.6622,57.43,79,100,11.99,overcast clouds
180,Touros,BR,-5.1989,-35.4608,74.43,89,21,5.17,few clouds
181,Udachnyy,RU,66.4167,112.4,43.45,93,100,20.2,moderate rain
182,Tommot,RU,58.9564,126.2925,79.09,57,19,1.59,light rain
183,Arraial Do Cabo,BR,-22.9661,-42.0278,64.26,88,0,2.3,clear sky
184,Mogadishu,SO,2.0371,45.3438,75.72,82,26,16.75,light rain
185,Islamkot,PK,24.6997,70.177,83.1,72,98,9.26,overcast clouds
186,Bengkulu,ID,-3.8004,102.2655,78.89,83,77,5.41,broken clouds
187,Coxim,BR,-18.5067,-54.76,78.42,25,99,3.09,overcast clouds
188,Cape Town,ZA,-33.9258,18.4232,55.81,82,75,10.36,broken clouds
189,Sinop,TR,41.7711,34.8709,61.9,88,0,3.47,clear sky
190,Tasiilaq,GL,65.6145,-37.6368,38.39,72,100,1.57,overcast clouds
191,Coihaique,CL,-45.5752,-72.0662,38.01,81,20,5.75,few clouds
192,Fasa,IR,28.9383,53.6482,70.84,43,0,4.61,clear sky
193,Sioux Lookout,CA,50.1001,-91.917,62.67,67,75,6.91,broken clouds
194,Mount Gambier,AU,-37.8333,140.7667,57.58,63,0,14.7,clear sky
195,Bubaque,GW,11.2833,-15.8333,78.4,85,100,8.61,moderate rain
196,Hwange,ZW,-18.3693,26.5019,58.57,72,1,3.18,clear sky
197,Victoria,HK,22.2855,114.1577,81.32,90,100,5.99,heavy intensity rain
198,Rothes,GB,57.5262,-3.2066,53.82,93,100,3.49,overcast clouds
199,Killybegs,IE,54.6333,-8.45,53.76,79,61,13.47,broken clouds
200,Urubicha,BO,-15.3833,-62.95,76.28,54,22,2.1,few clouds
201,Barrow,US,71.2906,-156.7887,46.11,82,100,19.53,overcast clouds
202,Katsuura,JP,35.1333,140.3,75.22,80,100,15.39,overcast clouds
203,Guayaramerin,BO,-10.8368,-65.3614,81.05,51,99,1.5,overcast clouds
204,Sartell,US,45.6216,-94.2069,71.38,71,0,5.99,clear sky
205,Cairns,AU,-16.9167,145.7667,84.07,71,100,9.22,overcast clouds
206,Rocha,UY,-34.4833,-54.3333,53.17,96,100,7.74,moderate rain
207,Souillac,MU,-20.5167,57.5167,68.38,73,40,5.75,scattered clouds
208,Ereymentau,KZ,51.6199,73.1033,60.93,58,5,12.41,clear sky
209,Bayir,TR,37.2687,28.2167,64.92,48,0,3.24,clear sky
210,Pokosnoye,RU,55.5258,101.0536,58.42,58,94,3.56,overcast clouds
211,Pangnirtung,CA,66.1451,-65.7125,47.91,76,100,0.69,overcast clouds
212,Husavik,IS,66.0449,-17.3389,42.71,94,100,17.43,overcast clouds
213,Cooma,AU,-36.2333,149.1333,55.29,86,100,12.48,moderate rain
214,Camacha,PT,33.0833,-16.3333,67.42,73,75,12.66,broken clouds
215,Chuy,UY,-33.6971,-53.4616,56.98,99,100,6.35,overcast clouds
216,Beringovskiy,RU,63.05,179.3167,50.61,84,100,5.99,overcast clouds
217,Iqaluit,CA,63.7506,-68.5145,47.93,78,75,16.11,broken clouds
218,Aykhal,RU,66.0,111.5,38.93,97,100,27.02,moderate rain
219,Amahai,ID,-3.3333,128.9167,81.25,76,97,3.56,overcast clouds
220,Baripada,IN,21.935,86.7214,84.06,73,100,4.0,overcast clouds
221,Muyezerskiy,RU,63.9333,31.65,53.83,88,58,8.1,broken clouds
222,Torbay,CA,47.6666,-52.7314,68.88,91,20,17.27,few clouds
223,Kropotkin,RU,45.4375,40.5756,70.9,74,70,6.49,broken clouds
224,Bekeshevskaya,RU,44.1139,42.4269,63.12,86,0,4.5,clear sky
225,Alice Springs,AU,-23.7,133.8833,69.22,32,100,8.05,overcast clouds
226,Miri,MY,4.4148,114.0089,80.74,89,40,0.0,scattered clouds
227,Leningradskiy,RU,69.3833,178.4167,40.46,94,100,4.29,light rain
228,Fomboni,KM,-12.28,43.7425,75.34,66,0,9.95,clear sky
229,Lensk,RU,60.7253,114.9278,66.0,62,100,10.56,overcast clouds
230,Waingapu,ID,-9.6567,120.2641,83.39,53,40,8.99,scattered clouds
231,Sawakin,SD,19.1059,37.3321,90.19,53,65,4.68,broken clouds
232,Chunskiy,RU,56.0815,99.6342,60.01,59,71,4.07,broken clouds
233,Prattville,US,32.464,-86.4597,77.77,85,0,3.44,clear sky
234,Coracao De Maria,BR,-12.2333,-38.75,68.36,81,99,5.1,overcast clouds
235,Muisne,EC,0.6,-80.0333,73.51,88,90,8.23,overcast clouds
236,Yenagoa,NG,4.9247,6.2642,71.53,93,38,3.18,scattered clouds
237,Tadine,NC,-21.55,167.8833,75.96,79,50,10.22,scattered clouds
238,Snezhnogorsk,RU,69.1933,33.2531,55.18,80,92,10.07,overcast clouds
239,Paamiut,GL,61.994,-49.6678,44.56,96,100,32.12,light rain
240,Ust-Tsilma,RU,65.441,52.1498,58.68,93,100,3.27,overcast clouds
241,Hasaki,JP,35.7333,140.8333,79.29,79,100,13.06,moderate rain
242,Sao Filipe,CV,14.8961,-24.4956,76.93,86,91,2.13,overcast clouds
243,Ocampo,MX,21.65,-101.5,63.66,65,100,2.46,overcast clouds
244,Minab,IR,27.1467,57.0801,88.12,79,19,0.0,few clouds
245,Vung Tau,VN,10.346,107.0843,81.07,82,100,9.24,overcast clouds
246,Nantong,CN,32.0303,120.8747,93.99,59,2,1.99,clear sky
247,Ixtapa,MX,20.7,-105.2,84.22,73,97,0.81,overcast clouds
248,Longyearbyen,SJ,78.2186,15.6401,48.04,87,75,3.44,broken clouds
249,Olafsvik,IS,64.8945,-23.7142,46.27,75,17,11.01,few clouds
250,Voyvozh,RU,62.892,54.9635,63.23,68,91,5.08,overcast clouds
251,Cognac,FR,45.5,-0.25,79.57,47,0,3.44,clear sky
252,Yanam,IN,16.7333,82.2167,81.5,85,100,2.59,overcast clouds
253,Dali,CN,25.7,100.1833,67.55,86,93,3.24,overcast clouds
254,Severo-Kurilsk,RU,50.6789,156.125,56.37,81,64,6.93,broken clouds
255,Saint-Leu,RE,-21.15,55.2833,65.23,77,8,2.48,clear sky
256,Fortuna,US,40.5982,-124.1573,69.91,73,20,11.5,few clouds
257,Estevan,CA,49.1334,-102.9842,70.0,68,0,6.91,clear sky
258,Lodwar,KE,3.1191,35.5973,79.02,50,91,15.35,overcast clouds
259,Samarai,PG,-10.6167,150.6667,81.43,80,12,13.24,few clouds
260,Mersing,MY,2.4312,103.8405,75.11,100,40,3.44,moderate rain
261,Iranshahr,IR,27.2025,60.6848,89.24,37,2,1.54,clear sky
262,Umm Kaddadah,SD,13.6017,26.6876,79.7,59,70,9.62,broken clouds
263,Fiaes,PT,40.9945,-8.5254,63.0,94,5,2.64,clear sky
264,Aguas Vermelhas,BR,-15.7472,-41.46,58.26,78,0,3.85,clear sky
265,Aripuana,BR,-9.1667,-60.6333,80.87,50,84,1.83,broken clouds
266,Corowa,AU,-36.0333,146.3833,56.57,93,99,8.66,light rain
267,Carutapera,BR,-1.195,-46.02,75.42,91,11,6.29,few clouds
268,Pleshanovo,RU,52.8333,53.4833,62.67,67,0,6.62,clear sky
269,Novoagansk,RU,61.9449,76.6625,64.42,51,91,2.13,overcast clouds
270,Nouadhibou,MR,20.931,-17.0347,73.38,83,75,8.05,broken clouds
271,Minot,US,48.2325,-101.2963,66.79,43,0,5.06,clear sky
272,Lalmohan,BD,22.3384,90.7419,83.97,81,100,15.03,overcast clouds
273,Cartagena,CO,10.3997,-75.5144,80.22,89,40,4.61,scattered clouds
274,Kouango,CF,4.9934,19.9619,69.01,97,29,1.92,scattered clouds
275,Laguna,US,38.421,-121.4238,103.32,33,0,9.22,clear sky
276,Atar,MR,20.5169,-13.0499,86.31,44,12,11.39,few clouds
277,Rudnyy,KZ,52.9594,63.1206,59.23,70,11,8.75,few clouds
278,Salina,US,38.8403,-97.6114,88.02,65,1,1.99,clear sky
279,Doctor Juan Manuel Frutos,PY,-25.3667,-55.8,74.21,43,100,7.99,overcast clouds
280,Celestun,MX,20.8667,-90.4,81.09,79,3,16.75,clear sky
281,Ashibetsu,JP,43.5097,142.1856,74.21,63,84,2.42,broken clouds
282,Kahului,US,20.8947,-156.47,81.97,77,37,14.0,scattered clouds
283,La Ronge,CA,55.1001,-105.2842,64.65,59,100,4.61,overcast clouds
284,Flinders,AU,-34.5833,150.8552,67.37,77,100,1.99,moderate rain
285,Biskamzha,RU,53.4497,89.5272,58.06,71,5,2.33,clear sky
286,Walvis Bay,NA,-22.9575,14.5053,53.1,93,7,5.75,clear sky
287,Pachino,IT,36.7186,15.0907,80.92,56,0,2.59,clear sky
288,Batuan,PH,9.7808,124.1484,77.97,84,99,5.08,light rain
289,Denizli,TR,37.8402,29.0698,74.68,57,0,2.77,clear sky
290,Vao,NC,-22.6667,167.4833,71.71,82,34,13.2,scattered clouds
291,Chicama,PE,-7.8447,-79.1469,59.54,84,62,6.91,broken clouds
292,Kasangulu,CD,-4.5911,15.1708,70.74,66,39,4.32,scattered clouds
293,Pozoblanco,ES,38.3791,-4.8483,71.62,41,0,4.27,clear sky
294,Olinda,BR,-8.0089,-34.8553,73.13,94,75,2.3,broken clouds
295,Tuy Hoa,VN,13.0833,109.3,82.35,74,100,12.39,overcast clouds
296,Narsaq,GL,60.9167,-46.05,47.3,99,100,6.06,heavy intensity rain
297,Mokrous,RU,51.2333,47.5167,66.63,72,6,6.93,clear sky
298,Santa Cruz De La Palma,ES,28.6835,-17.7642,71.74,83,20,18.41,few clouds
299,Mezhdurechensk,RU,53.6942,88.0603,58.75,68,0,1.86,clear sky
300,Kavaratti,IN,10.5669,72.642,77.7,90,100,29.1,overcast clouds
301,Oktyabrskiy,RU,54.4815,53.471,63.28,79,74,3.27,broken clouds
302,Jalu,LY,29.0331,21.5482,79.54,43,0,8.57,clear sky
303,Saskylakh,RU,71.9167,114.0833,54.19,51,26,13.58,scattered clouds
304,Sao Paulo De Olivenca,BR,-3.3783,-68.8725,73.96,95,100,1.63,overcast clouds
305,Smithers,CA,54.7804,-127.1743,57.52,67,75,6.91,broken clouds
306,Kichera,RU,55.9375,110.0997,69.21,52,7,2.64,clear sky
307,Ostrovnoy,RU,68.0531,39.5131,53.65,83,100,15.88,overcast clouds
308,Staszow,PL,50.5631,21.1659,64.92,87,26,3.65,scattered clouds
309,Elizabeth City,US,36.2946,-76.2511,85.01,89,2,7.47,clear sky
310,Ikare,NG,7.4913,5.2322,69.46,95,100,5.17,overcast clouds
311,Nelson Bay,AU,-32.7167,152.15,71.11,70,97,5.99,overcast clouds
312,Lavrentiya,RU,65.5833,-171.0,49.59,80,61,7.45,broken clouds
313,Kuznechnoye,RU,61.12,29.8686,60.01,89,49,5.91,scattered clouds
314,La Palma,US,33.8464,-118.0467,89.92,69,33,5.99,scattered clouds
315,Rio Gallegos,AR,-51.6226,-69.2181,37.99,90,100,6.78,overcast clouds
316,Satellite Beach,US,28.1761,-80.5901,85.08,79,0,1.99,clear sky
317,Sur,OM,22.5667,59.5289,86.47,67,22,3.96,few clouds
318,Xining,CN,36.6167,101.7667,64.62,89,100,1.21,overcast clouds
319,Verkhoyansk,RU,67.5447,133.385,46.33,90,100,5.84,light rain
320,Kamenka,RU,51.3223,42.7678,65.7,64,100,9.01,overcast clouds
321,Ilulissat,GL,69.2167,-51.1,45.93,65,100,7.23,overcast clouds
322,Cootamundra,AU,-34.65,148.0333,58.33,97,100,21.65,moderate rain
323,Paris,FR,48.8534,2.3488,75.7,66,0,8.05,clear sky
324,Marsaxlokk,MT,35.8419,14.5431,80.08,78,0,2.3,clear sky
325,Bulri,PK,24.8667,68.3333,81.82,82,100,9.84,overcast clouds
326,Cuiaba,BR,-15.5961,-56.0967,80.53,36,0,10.36,clear sky
327,Hofn,IS,64.2539,-15.2082,47.14,75,99,15.43,overcast clouds
328,Esmeraldas,BR,-19.7625,-44.3139,70.66,55,0,4.05,clear sky
329,Arona,ES,28.0996,-16.681,74.7,78,0,17.27,clear sky
330,Iwaki,JP,37.05,140.8833,74.77,88,100,1.99,overcast clouds
331,Gua Musang,MY,4.8823,101.9644,77.67,91,100,1.72,overcast clouds
332,Waverly,US,42.7392,-84.6208,71.76,96,100,10.83,overcast clouds
333,Oussouye,SN,12.485,-16.5469,76.3,91,100,2.19,overcast clouds
334,Erenhot,CN,43.6475,111.9767,82.26,51,100,14.36,overcast clouds
335,Vila Do Maio,CV,15.1333,-23.2167,79.59,84,85,8.86,overcast clouds
336,Tahe,CN,52.3333,124.7333,83.95,44,95,3.91,overcast clouds
337,Bilma,NE,18.6853,12.9164,88.95,41,68,11.9,broken clouds
338,Baykit,RU,61.67,96.37,50.38,87,100,4.23,overcast clouds
339,Pinotepa Nacional,MX,16.3167,-98.0167,77.13,86,93,2.77,overcast clouds
340,Chateau-Thierry,FR,49.05,3.4,68.36,53,2,1.43,clear sky
341,Smirnykh,RU,49.75,142.8333,58.53,98,100,8.01,overcast clouds
342,Mackay,AU,-21.15,149.2,77.68,78,100,3.62,overcast clouds
343,Poopo,BO,-18.3667,-66.9667,41.68,22,0,4.14,clear sky
344,San Alberto,CO,7.7611,-73.3922,75.45,89,99,5.26,overcast clouds
345,Merrill,US,45.1805,-89.6835,73.58,63,0,6.91,clear sky
346,Geraldton,AU,-28.7667,114.6,59.41,77,40,5.75,scattered clouds
347,Rawson,AR,-43.3002,-65.1023,45.97,55,74,9.31,broken clouds
348,Pontes E Lacerda,BR,-15.2261,-59.3353,74.3,35,93,3.04,overcast clouds
349,Coroico,BO,-16.1889,-67.7271,61.65,93,95,0.69,overcast clouds
350,Andros Town,BS,24.7,-77.7667,80.56,70,3,13.22,clear sky
351,Cangzhou,CN,38.3167,116.8667,91.36,60,85,11.16,overcast clouds
352,Zhigalovo,RU,54.8097,105.1578,61.5,66,80,3.47,broken clouds
353,Cheney,US,47.4874,-117.5758,90.25,22,0,18.1,clear sky
354,Ilhabela,BR,-23.7781,-45.3581,68.22,87,41,7.9,scattered clouds
355,Mar Del Plata,AR,-38.0023,-57.5575,48.22,84,100,8.05,overcast clouds
356,Vila Franca Do Campo,PT,37.7167,-25.4333,73.81,93,38,5.14,scattered clouds
357,Buenos Aires,AR,-34.6132,-58.3772,55.13,85,75,9.22,broken clouds
358,Hamilton,US,39.1834,-84.5333,83.23,78,9,4.74,clear sky
359,Kashi,CN,39.4547,75.9797,67.21,68,20,6.71,few clouds
360,Verkhovazhye,RU,60.7472,42.0465,57.36,86,36,0.87,scattered clouds
361,Takoradi,GH,4.8845,-1.7554,72.27,81,50,9.33,scattered clouds
362,Fukue,JP,32.6881,128.8419,86.36,84,40,8.05,scattered clouds
363,Camocim,BR,-2.9022,-40.8411,77.43,76,48,12.91,scattered clouds
364,Axim,GH,4.8699,-2.2405,72.61,78,48,8.84,scattered clouds
365,Cabo San Lucas,MX,22.8909,-109.9124,89.62,68,5,11.99,clear sky
366,Thinadhoo,MV,0.5333,72.9333,80.78,75,100,15.61,heavy intensity rain
367,Dalbandin,PK,28.8947,64.4101,86.38,18,4,4.18,clear sky
368,Teya,RU,60.3778,92.6267,50.14,98,100,3.56,overcast clouds
369,Tay Ninh,VN,11.3,106.1,81.82,78,99,4.88,overcast clouds
370,Diamantino,BR,-14.4086,-56.4461,74.01,33,4,5.41,clear sky
371,Zhangye,CN,38.9342,100.4517,82.87,41,40,2.82,scattered clouds
372,Sorland,NO,67.667,12.6934,55.26,90,87,19.73,overcast clouds
373,Les Escoumins,CA,48.1111,-69.0236,58.35,54,90,13.09,overcast clouds
374,Ende,ID,-8.8432,121.6623,82.08,61,100,5.08,overcast clouds
375,Tuensang,IN,26.2833,94.8333,75.61,94,100,1.03,overcast clouds
376,Jiaohe,CN,43.7286,127.3447,81.05,78,10,2.55,clear sky
377,Razam,IN,18.4667,83.6667,78.53,86,100,5.08,overcast clouds
378,Coquimbo,CL,-29.9533,-71.3436,53.33,87,0,2.3,clear sky
379,Carupano,VE,10.6678,-63.2585,75.97,91,100,10.16,overcast clouds
380,Quedlinburg,DE,51.7833,11.15,73.15,55,23,2.93,few clouds
381,Quelimane,MZ,-17.8786,36.8883,67.95,88,75,2.3,broken clouds
382,Broome,US,42.2506,-75.833,73.47,74,7,4.21,clear sky
383,Asansol,IN,23.6833,86.9833,83.03,77,100,4.34,overcast clouds
384,Berlevag,NO,70.8578,29.0864,57.0,81,100,9.64,overcast clouds
385,Chaihe,CN,44.7667,129.7,81.37,62,3,3.62,clear sky
386,Zheleznogorsk,RU,52.331,35.3711,60.03,89,91,9.06,overcast clouds
387,Progreso,MX,21.2833,-89.6667,83.1,84,6,14.58,clear sky
388,Mount Isa,AU,-20.7333,139.5,87.57,35,0,20.71,clear sky
389,Pastavy,BY,55.1168,26.8326,54.77,80,5,1.88,clear sky
390,Charleston,US,32.7766,-79.9309,85.01,88,0,4.61,clear sky
391,Ghanzi,BW,-21.5667,21.7833,52.95,21,0,5.57,clear sky
392,Senneterre,CA,48.3835,-77.2328,66.04,95,100,10.96,overcast clouds
393,Sarbogard,HU,46.8869,18.6204,67.8,51,4,7.49,clear sky
394,Moindou,NC,-21.6924,165.677,76.59,77,70,8.16,broken clouds
395,Quatre Cocos,MU,-20.2078,57.7625,68.11,65,100,13.11,overcast clouds
396,Nome,US,64.5011,-165.4064,60.17,88,100,12.66,overcast clouds
397,Necochea,AR,-38.5473,-58.7368,45.01,93,4,5.08,clear sky
398,Porto Belo,BR,-27.1578,-48.5531,68.25,95,17,7.0,few clouds
399,Tabuk,PH,17.4189,121.4443,80.85,80,100,4.03,overcast clouds
400,Lahij,YE,13.1667,44.5833,84.52,54,90,0.6,overcast clouds
401,Gilgit,PK,35.9221,74.3087,78.66,53,48,1.86,scattered clouds
402,Belmonte,BR,-15.8631,-38.8828,69.57,74,2,5.08,clear sky
403,Namatanai,PG,-3.6667,152.4333,83.91,71,100,11.1,light rain
404,Suluq,LY,31.6682,20.2521,77.52,51,0,7.02,clear sky
405,Issoire,FR,45.55,3.25,74.46,45,0,4.83,clear sky
406,Pangoa,PE,-12.1167,-73.0,68.76,98,100,2.06,overcast clouds
407,Tarakan,ID,3.3,117.6333,83.7,79,40,6.91,scattered clouds
408,Korla,CN,41.7597,86.1469,87.08,24,8,3.94,clear sky
409,Altay,CN,47.8667,88.1167,72.81,38,100,6.31,overcast clouds
410,Cortez,US,37.3489,-108.5859,86.76,27,75,8.05,broken clouds
411,Egvekinot,RU,66.3167,-179.1667,54.09,65,65,7.36,broken clouds
412,Tila,MX,17.4,-92.4833,76.75,69,33,3.98,scattered clouds
413,Islahiye,TR,37.025,36.6306,73.94,90,20,4.85,few clouds
414,Batemans Bay,AU,-35.7167,150.1833,66.99,67,100,11.54,moderate rain
415,Altamirano,MX,16.8833,-92.15,57.22,84,0,2.48,clear sky
416,Malanje,AO,-9.5402,16.341,64.47,60,11,3.38,few clouds
417,Hornepayne,CA,49.2138,-84.7705,54.63,96,61,5.75,broken clouds
418,Semporna,MY,4.4818,118.6112,84.81,69,82,6.02,broken clouds
419,Deputatskiy,RU,69.3,139.9,44.89,67,98,3.22,overcast clouds
420,San Cristobal,VE,7.7669,-72.225,69.98,93,84,1.43,broken clouds
421,Prince Rupert,CA,54.3161,-130.3201,60.89,76,0,6.91,clear sky
422,Huilong,CN,31.8111,121.655,91.92,68,5,15.43,clear sky
423,Novobirilyussy,RU,56.9514,90.6661,53.29,96,98,5.95,light rain
424,Yantal,RU,56.8471,105.2542,60.64,53,73,4.94,broken clouds
425,Port Lincoln,AU,-34.7333,135.8667,56.86,75,38,33.64,scattered clouds
426,Sivaki,RU,52.6333,126.75,82.92,49,92,11.03,overcast clouds
427,Yulara,AU,-25.2406,130.9889,67.93,34,0,16.49,clear sky
428,Kigonsera,TZ,-10.8,35.05,58.46,67,88,5.88,overcast clouds
429,Mangan,IN,27.5167,88.5333,78.51,92,100,2.15,overcast clouds
430,Bagdarin,RU,54.4333,113.6,67.82,57,100,6.55,overcast clouds
431,Kalmar,SE,56.6616,16.3616,64.96,90,6,5.75,clear sky
432,Scottsboro,US,34.6723,-86.0341,78.78,100,100,4.61,overcast clouds
433,Pangkalanbuun,ID,-2.6833,111.6167,82.06,79,92,4.5,light rain
434,Dangriga,BZ,16.9692,-88.2321,80.65,83,4,6.69,clear sky
435,Marawi,PH,7.9986,124.2928,78.19,73,84,1.25,broken clouds
436,Vila Velha,BR,-20.3297,-40.2925,71.55,92,75,3.44,broken clouds
437,Maumere,ID,-8.6199,122.2111,81.54,61,98,5.97,overcast clouds
438,San Patricio,US,28.017,-97.5169,86.18,73,1,18.7,clear sky
439,Hervey Bay,AU,-25.2986,152.8535,67.64,76,0,8.61,clear sky
440,Brest,BY,52.1,23.7,59.05,80,0,3.04,clear sky
441,Tiarei,PF,-17.5333,-149.3333,84.22,79,20,27.13,light rain
442,Mehamn,NO,71.0357,27.8492,56.41,78,100,10.0,overcast clouds
443,Cuiluan,CN,47.72,128.648,86.63,52,47,0.98,scattered clouds
444,Hammerfest,NO,70.6634,23.6821,61.25,72,20,5.75,few clouds
445,San Ramon,US,37.7799,-121.978,93.65,58,0,7.0,clear sky
446,Arlit,NE,18.7369,7.3853,91.99,36,95,10.67,overcast clouds
447,Ewa Beach,US,21.3156,-158.0072,85.37,58,0,14.97,clear sky
448,Aksarka,RU,66.5606,67.7975,65.53,52,78,8.88,broken clouds
449,Malinovoye Ozero,RU,51.6753,79.7825,64.36,50,17,8.81,few clouds
450,College,US,64.8569,-147.8028,75.99,46,26,3.0,scattered clouds
451,Tsiroanomandidy,MG,-18.7667,46.0333,57.16,83,5,2.57,clear sky
452,Sept-Iles,CA,50.2001,-66.3821,64.4,69,75,5.75,broken clouds
453,Biak,ID,-0.9131,122.8766,81.09,71,14,7.78,few clouds
454,Severnoye,RU,56.3491,78.3619,58.64,64,0,6.78,clear sky
455,Turka,UA,49.1541,23.0297,60.15,85,0,1.03,clear sky
456,Caloundra,AU,-26.8,153.1333,71.11,76,17,10.0,few clouds
457,Golden,US,39.7555,-105.2211,80.22,49,44,10.0,scattered clouds
458,Usinsk,RU,65.9939,57.5281,63.82,76,67,6.53,broken clouds
459,Parambu,BR,-6.2111,-40.6944,70.39,80,57,6.8,broken clouds
460,Itarema,BR,-2.9248,-39.9167,75.38,85,8,10.11,clear sky
461,Flin Flon,CA,54.7682,-101.865,57.38,59,91,4.32,overcast clouds
462,Goderich,CA,43.7501,-81.7165,69.91,96,100,26.55,heavy intensity rain
463,Huarmey,PE,-10.0681,-78.1522,62.83,85,19,11.63,few clouds
464,Svetlaya,RU,46.5389,138.3297,69.17,88,100,3.69,overcast clouds
465,Saint-Augustin,CA,51.226,-58.6502,58.33,85,67,12.68,broken clouds
466,Kalmunai,LK,7.4167,81.8167,78.64,76,100,8.32,overcast clouds
467,Bonavista,CA,48.6499,-53.1147,61.65,97,17,5.91,few clouds
468,Lermontovka,RU,47.1453,134.3383,83.8,64,78,3.22,broken clouds
469,Izhma,RU,65.0083,53.9113,62.6,80,83,5.68,broken clouds
470,Elmina,GH,5.0898,-1.348,72.0,85,11,9.46,few clouds
471,Westport,US,41.1415,-73.3579,78.1,85,0,3.0,clear sky
472,Palmer,US,42.1584,-72.3287,73.78,76,0,4.05,clear sky
473,Karratha,AU,-20.7377,116.8463,69.94,46,2,13.58,clear sky
474,Asuncion,PY,-25.3007,-57.6359,80.04,47,97,8.05,overcast clouds
475,Robertsport,LR,6.7533,-11.3686,76.15,86,100,9.95,moderate rain
476,Port Keats,AU,-14.25,129.55,84.31,51,11,7.05,few clouds
477,Boke,GN,10.9409,-14.2967,73.83,97,100,2.62,moderate rain
478,Lisakovsk,KZ,52.5369,62.4936,60.84,69,53,10.38,broken clouds
479,Vallenar,CL,-28.5708,-70.7581,53.33,73,1,1.86,clear sky
480,Buala,SB,-8.145,159.5921,84.29,70,25,9.01,light rain
481,Havre-Saint-Pierre,CA,50.2334,-63.5986,58.14,77,90,7.99,overcast clouds
482,Tiznit,MA,29.5833,-9.5,83.55,30,98,0.51,overcast clouds
483,Taksimo,RU,56.3444,114.8794,70.14,52,100,4.97,overcast clouds
484,Mastic Beach,US,40.7668,-72.8521,77.29,88,1,7.0,clear sky
485,Port Moresby,PG,-9.4431,147.1797,84.11,67,13,4.76,few clouds
486,Boa Vista,BR,2.8197,-60.6733,76.98,83,75,3.44,heavy intensity rain
487,Guerrero Negro,MX,27.9769,-114.0611,72.39,77,6,17.94,clear sky
488,Muros,ES,42.7762,-9.0603,68.09,77,93,9.71,overcast clouds
489,Aklavik,CA,68.2191,-135.0107,68.74,48,98,3.56,overcast clouds
490,Biloela,AU,-24.4167,150.5,75.15,50,5,13.56,clear sky
491,Zeya,RU,53.75,127.2667,76.84,60,84,7.0,broken clouds
492,Conde,BR,-7.2597,-34.9075,73.31,88,49,5.64,scattered clouds
493,Port Hawkesbury,CA,45.6169,-61.3485,68.04,95,28,2.26,scattered clouds
494,Avallon,FR,47.4833,3.9,69.82,48,11,3.15,few clouds
495,Erzin,TR,36.9559,36.2,77.02,90,53,1.59,broken clouds
496,Tura,IN,25.5198,90.2201,75.33,94,100,0.76,overcast clouds
497,Luderitz,NA,-26.6481,15.1594,53.02,93,0,10.74,clear sky
498,Verkhnevilyuysk,RU,63.4453,120.3167,58.26,60,99,8.63,overcast clouds
499,Terrace Bay,CA,48.7834,-87.1,55.8,84,17,6.06,few clouds
500,Adamas,GR,36.7333,24.4333,76.96,71,0,25.34,clear sky
501,Vostok,RU,46.4856,135.8833,78.53,56,98,3.36,overcast clouds
502,Kingaroy,AU,-26.5333,151.8333,69.6,54,1,10.54,clear sky
503,Ahipara,NZ,-35.1667,173.1667,63.82,70,11,3.0,few clouds
504,Sitio Novo Do Tocantins,BR,-5.5183,-47.4611,80.4,48,78,3.87,broken clouds
505,Gamba,GA,-2.65,10.0,70.27,85,95,6.96,overcast clouds
506,Ciudad Bolivar,VE,8.1222,-63.5497,76.86,89,100,10.65,overcast clouds
507,Batangafo,CF,7.3008,18.2833,68.11,98,73,0.76,light rain
508,Beira,MZ,-19.8436,34.8389,60.89,100,0,2.3,clear sky
509,Bacabal,BR,-4.2917,-44.7917,74.7,75,27,3.85,scattered clouds
510,Banff,CA,51.1762,-115.5698,76.23,30,52,8.05,broken clouds
511,Tevaitoa,PF,-16.7833,-151.5,78.3,77,16,24.09,light rain
512,Vestmannaeyjar,IS,63.4427,-20.2734,47.41,75,16,21.14,few clouds
513,Vilyuysk,RU,63.7553,121.6247,62.2,50,81,9.17,broken clouds
514,Soldotna,US,60.4878,-151.0583,70.95,76,100,5.91,overcast clouds
515,Griffith,US,41.5284,-87.4237,75.06,88,40,14.97,scattered clouds
516,Port Hedland,AU,-20.3167,118.5667,73.45,46,5,12.66,clear sky
517,Los Aquijes,PE,-14.0967,-75.6908,62.71,68,0,1.86,clear sky
518,Puerto Escondido,MX,15.85,-97.0667,81.41,81,42,2.68,scattered clouds
519,Comodoro Rivadavia,AR,-45.8667,-67.5,49.86,46,0,11.5,clear sky
520,Dabola,GN,10.75,-11.1167,69.42,98,93,3.29,light rain
521,Tshikapa,CD,-6.4167,20.8,74.68,57,44,2.04,scattered clouds
522,Kloulklubed,PW,7.0419,134.2556,82.9,89,100,20.47,overcast clouds
523,Nogales,MX,31.3086,-110.9422,85.71,62,49,7.9,scattered clouds
524,Montlucon,FR,46.3333,2.6,70.25,46,53,5.93,broken clouds
525,Bondoukou,CI,8.0333,-2.8,67.26,98,74,5.19,broken clouds
526,Nishihara,JP,26.1842,127.7558,86.68,79,40,10.36,scattered clouds
527,Mayya,RU,61.7333,130.2811,70.92,90,99,4.07,overcast clouds
528,Kushiro,JP,42.975,144.3747,63.55,88,75,4.61,broken clouds
529,Chapais,CA,49.7834,-74.8492,60.58,90,99,9.62,light rain
530,Dubrovka,RU,53.6907,33.5071,61.43,94,86,7.45,overcast clouds
531,Pandamatenga,BW,-18.5278,25.627,57.42,63,0,5.97,clear sky
532,Emerald,AU,-23.5333,148.1667,75.67,50,0,13.96,clear sky
533,East Hartford,US,41.7823,-72.612,76.05,77,1,4.32,clear sky
534,Palauig,PH,15.435,119.9045,84.85,71,100,2.82,overcast clouds
535,Ayagoz,KZ,47.9714,80.4392,65.89,57,96,13.96,overcast clouds
536,Grindavik,IS,63.8424,-22.4338,45.07,81,40,12.66,scattered clouds
537,Seaside,US,36.6111,-121.8516,75.83,84,33,5.01,scattered clouds
538,Mainpuri,IN,27.2333,79.0167,86.77,64,100,5.66,overcast clouds
539,Koungou,YT,-12.7336,45.2042,74.91,78,20,12.66,few clouds
540,Sakaraha,MG,-22.9,44.5333,62.47,61,10,2.37,clear sky
541,Kailua,US,21.4022,-157.7394,83.14,72,0,3.0,clear sky
542,Kamaishi,JP,39.2667,141.8833,70.47,83,100,6.35,overcast clouds
543,Labuhan,ID,-6.8844,112.2051,81.9,70,47,3.04,scattered clouds
544,Harper,LR,4.375,-7.7169,74.25,82,100,9.4,overcast clouds
545,Porto Novo,BJ,6.4965,2.6036,72.48,85,80,7.09,broken clouds
546,Manakara,MG,-22.1333,48.0167,66.99,83,100,3.71,overcast clouds
547,Yokadouma,CM,3.5167,15.05,69.19,91,86,0.78,overcast clouds
548,Mirandela,PT,41.4874,-7.187,72.81,66,2,3.74,clear sky
549,Mogok,MM,22.9167,96.5,71.65,90,68,2.64,broken clouds
550,Alacranes,CU,22.7675,-81.5675,76.55,78,99,7.67,overcast clouds
551,Lircay,PE,-12.9896,-74.7205,47.16,86,8,4.09,clear sky
552,Omboue,GA,-1.5746,9.2618,71.37,86,94,7.85,overcast clouds
553,Richards Bay,ZA,-28.783,32.0377,63.72,76,13,13.89,few clouds
554,Borgosesia,IT,45.7145,8.2799,76.41,68,5,4.79,clear sky
555,Lipin Bor,RU,60.2622,37.9763,58.95,84,69,2.95,broken clouds
556,Satkhira,BD,22.7167,89.1,83.12,80,100,6.98,overcast clouds
557,Nakamura,JP,32.9833,132.9333,92.59,50,95,5.03,overcast clouds
558,Tokonou,GN,9.65,-9.7833,68.05,97,100,5.93,overcast clouds
559,Cockburn Town,TC,21.4612,-71.1419,82.08,74,7,19.44,clear sky
560,Brigantine,US,39.4101,-74.3646,80.01,83,0,8.3,clear sky
561,El Sauzal,MX,31.9,-116.6833,71.42,82,76,6.55,broken clouds
562,Boo,SE,59.3333,18.2833,67.17,88,20,3.44,few clouds
563,Balabac,PH,7.9868,117.0645,85.53,67,100,5.79,light rain
564,Warwick,US,41.7001,-71.4162,75.49,80,1,1.99,clear sky
565,Perelyub,RU,51.8667,50.3667,69.19,62,47,7.29,scattered clouds
566,Dunedin,NZ,-45.8742,170.5036,57.79,60,100,3.0,overcast clouds
567,Dakar,SN,14.6937,-17.4441,77.88,86,94,6.69,overcast clouds
568,Mahon,ES,39.8885,4.2658,77.56,78,0,5.75,clear sky
569,Sattahip,TH,12.6664,100.9007,86.99,74,40,6.91,scattered clouds
570,Itaituba,BR,-4.2761,-55.9836,76.77,69,74,1.43,broken clouds
571,Lima,PE,-12.0432,-77.0282,59.9,84,48,10.16,scattered clouds
572,Batticaloa,LK,7.7102,81.6924,79.66,73,96,5.06,overcast clouds
573,Taman,RU,45.2117,36.7161,74.93,72,0,5.03,clear sky
574,Margate,GB,51.3813,1.3862,65.7,91,2,1.99,clear sky
575,Port Hardy,CA,50.6996,-127.4199,57.67,85,96,3.89,light rain
576,Kodinsk,RU,58.6881,99.1844,58.1,73,90,7.54,light rain
577,San Juan,AR,-31.5375,-68.5364,51.93,46,0,2.21,clear sky
578,Moron,AR,-34.6534,-58.6198,55.0,85,100,6.55,overcast clouds
579,Kopong,BW,-24.4833,25.8833,57.72,70,56,5.46,broken clouds
580,San Quintin,MX,30.4833,-115.95,71.15,81,84,13.91,broken clouds
581,Karagaylinskiy,RU,54.172,86.5521,57.34,68,26,3.96,scattered clouds
582,Lieksa,FI,63.3167,30.0167,57.04,90,57,11.99,broken clouds
583,Doha,QA,25.2867,51.5333,94.98,55,0,3.44,clear sky
584,Guangyuan,CN,32.442,105.823,81.07,84,63,0.63,broken clouds
585,Boguchany,RU,58.3814,97.4531,54.45,86,100,8.23,overcast clouds
586,Caldwell,US,43.6629,-116.6874,98.53,27,19,6.91,haze
587,Cordoba,AR,-31.4135,-64.1811,58.75,60,0,8.05,clear sky
588,Coahuayana,MX,18.7333,-103.6833,80.1,85,87,1.72,overcast clouds
589,Santa Marta,CO,11.2408,-74.199,78.91,78,100,10.71,overcast clouds
590,Hauterive,FR,46.0901,3.4459,75.96,46,1,4.7,clear sky
591,Zhicheng,CN,30.2956,111.5047,89.91,66,0,2.39,clear sky
592,Los Llanos De Aridane,ES,28.6585,-17.9182,67.75,83,20,18.41,few clouds
593,Piedras Negras,MX,28.7,-100.5167,99.27,27,0,15.5,clear sky
594,Nicoya,CR,10.1483,-85.452,72.09,87,100,1.23,overcast clouds
595,Cruz,BR,-2.9178,-40.1717,74.7,86,25,9.66,scattered clouds
596,Sterling,US,39.0062,-77.4286,82.53,76,0,5.99,clear sky
597,Surt,LY,31.2089,16.5887,79.32,67,0,11.25,clear sky
598,Kysyl-Syr,RU,63.8986,122.7617,64.8,46,15,8.95,few clouds
599,Honiara,SB,-9.4333,159.95,86.0,68,31,8.34,scattered clouds
600,Kilgore,US,32.3863,-94.8758,95.18,43,0,6.91,clear sky
601,Zlobin,HR,45.2924,14.6541,70.9,44,0,6.91,clear sky
602,Tapes,BR,-30.6733,-51.3958,60.62,97,100,4.56,light rain
603,Lujan,AR,-34.5703,-59.105,55.02,92,100,3.0,overcast clouds
604,Karaton,ID,-6.3424,106.1045,81.54,74,95,0.63,overcast clouds
605,Mendoza,AR,-32.8908,-68.8272,45.93,76,0,2.3,clear sky
606,Remontnoye,RU,46.5614,43.6501,75.69,38,1,5.48,clear sky
607,Vuktyl,RU,63.8567,57.3094,62.69,69,94,6.55,overcast clouds
608,Tongliao,CN,43.6125,122.2653,87.87,67,79,10.71,broken clouds
609,Dumas,US,35.8656,-101.9732,84.61,57,0,3.44,clear sky
610,Khromtau,KZ,50.2503,58.4347,62.01,66,29,13.33,scattered clouds
611,Ishigaki,JP,24.3448,124.1572,85.62,71,52,12.33,broken clouds
612,Khandyga,RU,62.6667,135.6,71.8,70,99,2.53,overcast clouds
613,Maniitsoq,GL,65.4167,-52.9,47.12,92,100,10.58,light rain
614,Almaznyy,RU,48.0448,40.045,66.85,77,2,3.91,clear sky
615,Artigas,UY,-30.4,-56.4667,60.94,98,100,4.99,moderate rain
616,Kanye,BW,-24.9667,25.3327,51.89,78,2,9.17,clear sky
617,Paringao,PH,16.5717,120.3242,84.33,72,100,2.42,overcast clouds
618,Key West,US,24.5557,-81.7826,84.0,66,9,9.48,clear sky
619,Korgen,NO,66.0771,13.8153,55.18,90,100,4.47,light rain
620,Zavoronezhskoye,RU,52.8801,40.5526,64.83,74,75,7.72,broken clouds
621,Manaus,BR,-3.1019,-60.025,82.89,74,0,5.75,clear sky
622,Stykkisholmur,IS,65.0757,-22.7297,44.15,80,44,9.4,scattered clouds
623,Sfantu Gheorghe,RO,45.8667,25.7833,60.26,78,4,2.26,clear sky
624,Zhanaozen,KZ,43.3,52.8,77.81,30,16,10.33,few clouds
625,Cervo,ES,43.6702,-7.4101,66.96,93,100,6.89,overcast clouds
626,Koumac,NC,-20.5667,164.2833,76.75,79,61,8.46,broken clouds
627,Poum,NC,-20.2333,164.0167,75.02,83,17,6.64,few clouds
628,Bima,ID,-8.4667,118.7167,86.99,49,82,5.53,broken clouds
629,Kattivakkam,IN,13.2167,80.3167,82.49,86,100,4.68,light rain
630,Luwuk,ID,-0.9516,122.7875,83.66,70,10,7.2,clear sky
631,Chiredzi,ZW,-21.05,31.6667,57.79,83,0,2.04,clear sky
632,Makakilo City,US,21.3469,-158.0858,81.68,62,42,11.41,light rain
633,Raahe,FI,64.6833,24.4833,60.89,95,100,17.52,light rain
634,Taoudenni,ML,22.6783,-3.9836,89.92,41,7,19.6,clear sky
635,Tevriz,RU,57.509,72.4042,62.11,67,57,3.65,broken clouds
636,Viedma,AR,-40.8135,-62.9967,44.49,59,6,8.61,clear sky
637,Kondoa,TZ,-4.9,35.7833,54.0,94,7,4.63,clear sky
638,Antalaha,MG,-14.9003,50.2788,66.81,83,32,7.14,scattered clouds
639,Kafue,ZM,-15.7691,28.1814,56.71,76,0,4.97,clear sky
640,Orizona,BR,-17.0314,-48.2958,66.88,48,10,4.47,clear sky
641,Calvinia,ZA,-31.4707,19.776,45.73,97,2,3.91,clear sky
642,Hillsborough,US,37.5741,-122.3794,83.44,85,20,17.27,mist
643,Kaeo,NZ,-35.1,173.7833,65.32,84,25,7.9,scattered clouds
644,Talmenka,RU,53.8183,83.5677,60.39,52,47,3.6,scattered clouds
645,Massaguet,TD,12.4755,15.4365,78.01,71,96,5.5,overcast clouds
646,Kargasok,RU,59.0556,80.8572,59.07,61,7,9.1,clear sky
647,Mahibadhoo,MV,3.7833,72.9667,81.84,77,100,21.09,overcast clouds
648,Hualmay,PE,-11.0964,-77.6139,61.02,85,29,14.27,scattered clouds
649,Konakovo,RU,56.7,36.7667,65.44,78,100,3.94,overcast clouds
650,Port-Gentil,GA,-0.7193,8.7815,73.18,84,100,13.38,light rain
651,Portland,US,45.5234,-122.6762,82.62,51,0,8.01,clear sky
652,Pitkyaranta,RU,61.5734,31.4792,57.33,85,24,5.64,few clouds
653,Rudnogorsk,RU,57.2639,103.7519,54.77,67,100,3.98,overcast clouds
654,Monrovia,LR,6.3005,-10.7969,75.25,88,93,9.1,light rain
655,Bay Roberts,CA,47.5999,-53.2648,69.66,94,9,5.99,clear sky
656,Mamakan,RU,57.8161,114.0028,67.89,63,34,5.41,light rain
657,Zhenlai,CN,45.8495,123.2973,84.88,63,84,8.48,broken clouds
658,Henties Bay,NA,-22.116,14.2845,53.47,95,99,6.31,overcast clouds
659,Ambovombe,MG,-25.1667,46.0833,60.66,84,0,4.5,clear sky
660,Northam,GB,51.0333,-4.2167,61.25,94,100,12.21,overcast clouds
661,Krosno,PL,49.6887,21.7706,57.7,77,0,3.15,clear sky
662,Verdun,FR,49.25,5.3333,73.42,58,54,2.91,broken clouds
663,Nemuro,JP,43.3236,145.575,60.28,89,100,11.61,overcast clouds
664,Pinheiro Machado,BR,-31.5783,-53.3811,56.05,99,100,8.95,moderate rain
665,Ginda,IN,30.6945,78.4932,66.7,94,99,0.16,overcast clouds
666,Burnie,AU,-41.0667,145.9167,57.94,79,39,12.62,scattered clouds
667,Qaqortoq,GL,60.7167,-46.0333,46.9,98,100,21.14,heavy intensity rain
668,Vrangel,RU,42.7297,133.0839,73.6,90,87,4.68,overcast clouds
669,Xichang,CN,27.8964,102.2634,72.61,84,61,2.73,broken clouds
670,Madang,PG,-5.2246,145.7966,88.25,63,86,6.22,overcast clouds
671,La Quinta,US,33.6634,-116.31,106.84,25,0,4.61,clear sky
672,Elko,US,41.0002,-115.5012,89.74,19,94,11.01,overcast clouds
673,Menongue,AO,-14.6585,17.691,57.83,58,27,1.52,scattered clouds
674,Ulenurme,EE,58.3162,26.7252,58.24,77,23,3.44,few clouds
675,Dasoguz,TM,41.8363,59.9666,76.48,41,0,5.7,clear sky
676,Caravelas,BR,-17.7125,-39.2481,68.9,75,95,5.59,overcast clouds
677,Pavlodolskaya,RU,43.7192,44.4781,67.15,88,0,4.16,clear sky
678,Russell,US,32.3502,-85.1999,79.02,60,12,4.59,few clouds
679,Barcelos,PT,41.5388,-8.6151,68.92,93,50,0.47,scattered clouds
680,Colares,PT,38.7992,-9.4469,69.3,75,22,28.99,few clouds
681,Auki,SB,-8.7676,160.7034,85.03,66,12,4.18,few clouds
682,Ondjiva,AO,-17.0667,15.7333,53.2,14,0,5.88,clear sky
683,Urucara,BR,-2.5364,-57.76,74.66,92,100,3.0,overcast clouds
684,Lenoir City,US,35.7973,-84.256,74.44,92,86,2.53,overcast clouds
685,Kormilovka,RU,55.0026,74.1028,62.47,70,0,7.23,clear sky
686,Namibe,AO,-15.1961,12.1522,59.04,85,2,5.55,clear sky
687,Jiazi,CN,22.8779,116.067,78.93,94,100,15.03,overcast clouds
688,Greer,US,34.9387,-82.2271,75.33,85,0,6.91,light rain
689,Jhelum,PK,32.9331,73.7264,86.52,69,0,2.55,clear sky
690,Sibolga,ID,1.7427,98.7792,75.99,81,99,2.89,overcast clouds
691,Touba,CI,8.2833,-7.6833,68.76,97,76,4.41,light rain
692,Chvaletice,CZ,50.0344,15.4185,69.98,63,0,4.61,clear sky
693,Kenner,US,29.9941,-90.2417,82.0,77,100,1.01,overcast clouds
694,Maryville,US,35.7565,-83.9705,74.16,92,100,5.75,thunderstorm
695,Chernenko,RU,44.365,39.3103,64.04,90,0,2.26,clear sky
696,Koslan,RU,63.4564,48.8989,59.95,83,55,4.18,broken clouds
697,Koslan,RU,63.4564,48.8989,59.95,83,55,4.18,broken clouds
